,Title,URL,Views,Likes,Dislikes,Score
0,24 7 lofi hip hop radio smooth beats to study sleep relax YouTube,https://www.youtube.com/watch?v=2L9vFNMvIBE,1,123822,3006,8.277049397430804e-06
1,College Music xc2 xb7 24 7 Live Radio xc2 xb7 Study Music xc2 xb7 Chill Music xc2 xb7 Calming Music ,https://www.youtube.com/watch?v=gmv54pfxk0Q,1,57309,1984,1.8075011296882062e-05
2,The Good Life Radio xe2 x80 xa2 Weekend Radio Deep amp Tropical House Chill Music EDM YouTube,https://www.youtube.com/watch?v=ftJYyevC6Us,1,56791,3074,1.8616080570396708e-05
3,24 7 lofi hip hop radio beats to study chill relax YouTube,https://www.youtube.com/watch?v=6rReMbO42uE,1,53067,1152,1.9262255610131947e-05
4,NCS 24 7 Live Stream xf0 x9f x8e xb5 Gaming Music Radio NoCopyrightSounds Dubstep Trap EDM Electro H,https://www.youtube.com/watch?v=GVC5adzPpiE,1,38652,1468,2.689328743545611e-05
5,Progressive House xc2 xb7 Relaxing Focus Music xc2 xb7 24 7 Live Radio YouTube,https://www.youtube.com/watch?v=xcoac7I-J8M,1,21014,939,4.9813200498132005e-05
6,Just Good Music xe2 x97 x8f 24 7 Live Radio xf0 x9f x8e xa7 Classic Edition YouTube,https://www.youtube.com/watch?v=1OfoS6u_8N4,1,17438,1268,6.184291898577613e-05
7, xef xbc xa3 xef xbc xa1 xef xbc xac xef xbc xad xe3 x80 x80 xef xbc xb2 xef xbc xa1 xef xbc xa4 xef,https://www.youtube.com/watch?v=fxn8p26WTR4,1,15340,243,6.623832549513148e-05
8,Good Vibes Radio xe2 x9c xa7 24 7 Chill Electronic Music xe2 x9c xa7 Just Good Music xe2 x9c xa7 You,https://www.youtube.com/watch?v=__GmhW9nEtY,1,12397,469,8.383635144198524e-05
9,ChillYourMind Radio xe2 x80 xa2 24 7 Music Live Stream Deep amp Tropical House Chill Music Dance Mus,https://www.youtube.com/watch?v=Av8XpCoF3T0,1,11231,451,9.276437847866419e-05
10,lofi hip hop radio relaxing beats to study chill sleep to YouTube,https://www.youtube.com/watch?v=RBM8Dp0Zhog,1,9110,324,0.00011381743683132256
11,Instinct Radio 24 7 Music Live Stream xe2 x97 x8f Chill Relax Pop Dance Music YouTube,https://www.youtube.com/watch?v=-rWPZtM1eRs,1,7246,124,0.00014040999719180006
12,Just Good Minimal Techno Music xe2 x97 x8f 24 7 Live Radio xf0 x9f x8e xa7 Deep amp Chill Out YouTub,https://www.youtube.com/watch?v=kOwMEJZtWuI,1,6027,196,0.0001714971702966901
13,Deep House xc2 xb7 Relaxing Study Music xc2 xb7 24 7 Live Radio YouTube,https://www.youtube.com/watch?v=z6NUZMeeCdM,1,5914,256,0.00017674089784376105
14, xe2 x96 xb6 xef xb8 x8f WORK amp STUDY JAZZ Music Radio 247 Live Stream Relaxing Jazz For A Success,https://www.youtube.com/watch?v=vmY6qBbrhU0,1,4628,220,0.00022686025408348456
15,24 7 Noisy Sounds Live Radio Best Of Vocal Deep House Chill House amp Future House Music Mix 2018 Yo,https://www.youtube.com/watch?v=WEU6hOah9dk,1,2775,199,0.00038819875776397513
16, xe1 x83 xa6 Kawaii Radio Happy Music to Study Relax xe3 x80 x8c24 7 xe3 x80 x8d Kawaii Music LiveSt,https://www.youtube.com/watch?v=4zAmGOYVt6w,1,2100,54,0.0004887585532746823
17,Aviencloud Radio xe2 x80 x93 24 7 Live Stream Indigo Soul Chill LoFi Rap Future Bass Unique Vibes xe,https://www.youtube.com/watch?v=hHzX83H1lfw,1,1775,23,0.0005707762557077625
18,Chillhop Cafe 24 7 xf0 x9f x8e xa7 jazzhop chillhop lofi hip hop for Work amp Relaxing YouTube,https://www.youtube.com/watch?v=S91r9eITg08,1,1674,54,0.0006172839506172839
19, xf0 x9f x92 x98 24 7 lofi hip hop radio chill music to sleep amp study YouTube,https://www.youtube.com/watch?v=lPS0T9c_JPg,1,1335,32,0.0007674597083653108
20,24 7 Chill amp Lofi Radio xf0 x9f x92 x95 YouTube,https://www.youtube.com/watch?v=ShJAbFEOMvE,1,670,0,0.0014925373134328358
21,Lofi Hip Hop Radio 24 7 xf0 x9f x8e xa7 Chill Gaming Study Beats YouTube,https://www.youtube.com/watch?v=GFT2cn9MGNg,1,378,12,0.00273224043715847
22,24 7 lofi hip hop radio relaxing beats to study chill sleep to YouTube,https://www.youtube.com/watch?v=M42SQXNQlvE,1,296,11,0.0035087719298245615
23,DROELOE Many Words YouTube,https://www.youtube.com/watch?v=pmmTNQpfCM4,30758,2315,22,13.413868294810293
24,Regrets A Chill Trap amp Future Bass Mix YouTube,https://www.youtube.com/watch?v=unc1eS3TsUc,2481,171,0,14.508771929824562
25,Best of Shallou xe2 x9a xa1Mixtape xe2 x9a xa1 YouTube,https://www.youtube.com/watch?v=MB3rILC1TVs,60,4,0,15.0
26,Unrealism the Key to Realism YouTube,https://www.youtube.com/watch?v=9JnnxynxsHI,303065,19739,648,15.87475773924886
27,Best of 3LAU xe2 x9a xa1Mixtape xe2 x9a xa1 YouTube,https://www.youtube.com/watch?v=AfMosrD6eOU,50,3,0,16.666666666666668
28,DROELOE Many Words YouTube,https://www.youtube.com/watch?v=S6mCFnfh_M4,14200,771,35,19.293478260869566
29,DROELOE Many Words NEW SONG YouTube,https://www.youtube.com/watch?v=LOXgofNrHIQ,408,21,0,19.428571428571427
30,DROELOE Many Words Phone Preview YouTube,https://www.youtube.com/watch?v=m--ekj28OI0,390,20,0,19.5
31,DROELOE Many Words YouTube,https://www.youtube.com/watch?v=I-HIVIzvop8,896,45,0,19.91111111111111
32, xef xbc xa8 xef xbc xaf xef xbc xac xef xbc xa4 xe3 x80 x80 xef xbc xad xef xbc xa5 YouTube,https://www.youtube.com/watch?v=1gIXLV3SddQ,76525,3269,35,23.66264687693259
33,Shallou x Kasbo Find w Cody Lovaas YouTube,https://www.youtube.com/watch?v=3LTetF2NaVQ,203904,8680,151,23.907140344706296
34, MV MAMAMOO xeb xa7 x88 xeb xa7 x88 xeb xac xb4 _ Starry Night xeb xb3 x84 xec x9d xb4 xeb xb9 x9b x,https://www.youtube.com/watch?v=0FB2EoKTK_Q,6500579,270208,3518,24.375038434137014
35,Taylor Swift Delicate YouTube,https://www.youtube.com/watch?v=tCXGJQYZ9JA,34558212,1494643,83257,24.485301682176242
36,DallasK Self Control lyric video YouTube,https://www.youtube.com/watch?v=tdxD6sP32yU,582246,23822,443,24.904658026433978
37,drowning in the thought of you YouTube,https://www.youtube.com/watch?v=TUvi-4goP7s,390852,15709,88,25.02093335893989
38,Vancouver Sleep Clinic Ayahuasca YouTube,https://www.youtube.com/watch?v=dEG_MyqN9XY,238428,9324,259,26.30204081632653
39,DROELOE Many Words Unreleased Okeechobee 2018 YouTube,https://www.youtube.com/watch?v=NNB5qzp-yTs,564,21,0,26.857142857142858
40,DROELOE Many Words YouTube,https://www.youtube.com/watch?v=XxGZ4kKWlR0,82469,3130,60,26.8628664495114
41,LoFi House Mix 1988 The Stoner House Edition YouTube,https://www.youtube.com/watch?v=mlUMgZGFCtw,555644,20271,214,27.7032457496136
42,Marshmello FLY Official Music Video YouTube,https://www.youtube.com/watch?v=oRArmtMA9AI,8418596,310495,8937,27.917004357370722
43,The Making of a Song xe2 x80 x9cDelicate xe2 x80 x9d xe2 x80 x93 watch more on Taylor Swift NOW YouT,https://www.youtube.com/watch?v=eQVhAN7-IAw,1841148,66130,926,28.2367339427029
44,Leska One And Only feat LIA YouTube,https://www.youtube.com/watch?v=-D03zP8vMTk,46752,1648,54,29.329987452948558
45,DROELOE Just Now 2017 YouTube,https://www.youtube.com/watch?v=v3Z_DS2_ncg,43139,1376,0,31.351017441860463
46,DROELOE Many Words YouTube,https://www.youtube.com/watch?v=giQl7T8myro,74352,2364,24,31.774358974358975
47,What A Nice And Sweet quot Future Bass quot Mix To Study To YouTube,https://www.youtube.com/watch?v=nb0SxFxer-4,117272,3722,52,31.954223433242507
48,Nightcore Gaming Music 2018 New Electro Dubstep House Drops Trap Bass 34 YouTube,https://www.youtube.com/watch?v=2A6UOCLNTYU,21222,670,15,32.4
49,Jon Hopkins Emerald Rush Official Video YouTube,https://www.youtube.com/watch?v=4sk0uDbM5lc,297004,9276,199,32.720502368624
50,DROELOE Sunburn YouTube,https://www.youtube.com/watch?v=pqhGjIcMxMw,100321,3000,21,33.676065793890565
51,DROELOE Kintsugi YouTube,https://www.youtube.com/watch?v=l7LafIpW0K0,24677,732,0,33.71174863387978
52,DROELOE Back When 1997 YouTube,https://www.youtube.com/watch?v=p7pkk3rnRDk,41681,1246,14,33.83198051948052
53,DROELOE Many Words Lyrics Lyric Video YouTube,https://www.youtube.com/watch?v=wg9spg5aIMU,74971,2152,62,35.871291866028706
54,Skrillex amp Poo Bear Would You Ever Nitti Gritti Remix YouTube,https://www.youtube.com/watch?v=44oKAVYtfI4,260620,7415,175,35.99723756906077
55,Skit Komorebi YouTube,https://www.youtube.com/watch?v=ll5R08b6UzY,21039,588,11,36.46273830155979
56,Trauma A Gaming Music Mix 2018 YouTube,https://www.youtube.com/watch?v=gqwl9WosqM4,22279,623,12,36.46317512274959
57,Smooth 39 Future Bass 39 Collection For Y 39 all Vol 1 YouTube,https://www.youtube.com/watch?v=SoBAQgl0zbo,2700809,74598,957,36.675343898100245
58,Psalm Luv YouTube,https://www.youtube.com/watch?v=Arp5Pxv4PBY,108381,2991,72,37.1294964028777
59,Be yourself lofi hip hop Chillhop Jazzhop Chillout Study Sleep Game YouTube,https://www.youtube.com/watch?v=HUqaGlXe4rE,263020,7004,64,37.89913544668588
60,Violet A Chill Trap amp Future Bass Mix YouTube,https://www.youtube.com/watch?v=Eu5Zzcs2k5s,28392,750,13,38.52374491180461
61,B Wise The Key YouTube,https://www.youtube.com/watch?v=abKh4jNjS-s,63716,1733,86,38.68609593199757
62, xef xbc xb3 xef xbc xac xef xbc xa5 xef xbc xa5 xef xbc xb0 xef xbc xb9 YouTube,https://www.youtube.com/watch?v=Z39IEmfyhjo,576180,14873,153,39.14266304347826
63,DROELOE Wake The Warrior Official Music Video YouTube,https://www.youtube.com/watch?v=AhEHFwzbiTE,570168,15651,1107,39.2029702970297
64,Morning Coffee Future Bass Mix Vol 1 YouTube,https://www.youtube.com/watch?v=y7Os-F_l76g,353725,9149,167,39.38154085949677
65,Hidden Gem 39 All Rounder 39 Unique Jazzy Jam Vol 1 YouTube,https://www.youtube.com/watch?v=oemLLCK8Ois,700660,18070,283,39.39169056052173
66,Vertigo A Chill Trap amp Future Bass Mix YouTube,https://www.youtube.com/watch?v=EZx1LPP4UBE,53396,1371,19,39.494082840236686
67,Entity A Chill Trap amp Future Bass Mix YouTube,https://www.youtube.com/watch?v=SUHXg5WkR6Y,49090,1254,21,39.81346309813463
68,Endless A Chill Trap amp Future Bass Mix YouTube,https://www.youtube.com/watch?v=DsAeJqmspAI,31621,809,26,40.38441890166028
69,Joshua J Lock My Door feat Eauxby YouTube,https://www.youtube.com/watch?v=Npjh8pI5JTA,68473,1789,94,40.39705014749263
70, xef xbd x81 xef xbd x94 xef xbd x83 xef xbd x81 xef xbd x86 xc3 xa9 xc2 xad lofi jazz hip hop mix Y,https://www.youtube.com/watch?v=K9u8zFVjX1g,1220061,30348,323,40.63483763530391
71,Imagination A Lovely Chill Mix YouTube,https://www.youtube.com/watch?v=yrlCQeQdYjI,4720,116,0,40.689655172413794
72,Keys N Krates Something Wonderful YouTube,https://www.youtube.com/watch?v=NR9Vjk5hPLU,194551,4868,95,40.76073748166771
73,Thrupence Atmos feat Wafia YouTube,https://www.youtube.com/watch?v=gc4TukZo-kg,89748,2286,87,40.813096862210095
74,DROELOE Lilypads YouTube,https://www.youtube.com/watch?v=WBe0raT6-bY,78791,1940,14,40.90913811007269
75, xef xbc xad xef xbc xa5 xef xbc xad xef xbc xaf xef xbc xb2 xef xbc xa9 xef xbc xa5 xef xbc xb3 You,https://www.youtube.com/watch?v=ZJngStpPzYU,3110997,76396,790,41.147488294579794
76,DROELOE zZz YouTube,https://www.youtube.com/watch?v=cQFUlqzc4PA,65329,1587,0,41.1650913673598
77,Buzzy Lee Coolhand YouTube,https://www.youtube.com/watch?v=X0P5qalq9uc,48550,1249,75,41.35434412265758
78,The Feelin 39 Good 39 Summer Vibe 39 Vol 1 YouTube,https://www.youtube.com/watch?v=2mI0nEgdgsA,1138524,27865,422,41.48686368108443
79,DROELOE See Through Me YouTube,https://www.youtube.com/watch?v=yjvUbF2d8R8,57518,1364,0,42.16862170087977
80,Wafia Only Love YouTube,https://www.youtube.com/watch?v=CLOrPSLRdlA,157687,3804,115,42.74518839793982
81,DROELOE A Moment In Time YouTube,https://www.youtube.com/watch?v=JN-shxDAjNI,18641,434,0,42.95161290322581
82,Cabu Crazy feat Love Mansuy YouTube,https://www.youtube.com/watch?v=wuGt8wanfhE,335513,7915,108,42.97591904700909
83, xef xbc xae xef xbc xaf xef xbc xb3 xef xbc xac xef xbc xa5 xef xbc xa5 xef xbc xb0 1 Hour Version ,https://www.youtube.com/watch?v=ZqwfusOI3Xo,1395817,32853,388,42.99451717233944
84,Best of ZEDS DEAD xe2 x9a xa1Mixtape xe2 x9a xa1 2018 YouTube,https://www.youtube.com/watch?v=71Zu_IVLaEM,693,16,0,43.3125
85,3LAU Touch feat Carly Paige YouTube,https://www.youtube.com/watch?v=qsv2B1ztlgw,963971,22430,346,43.65019923926825
86,DROELOE Homebound YouTube,https://www.youtube.com/watch?v=r1Iuk4fq1PY,101971,2355,24,43.745602745602746
87,NoMBe Young Hearts YouTube,https://www.youtube.com/watch?v=uwGi9GyB4o4,788454,18269,363,44.03294984921256
88,DROELOE Dilate YouTube,https://www.youtube.com/watch?v=kiVrB2csXio,35972,808,0,44.51980198019802
89,DROELOE Bon Voyage YouTube,https://www.youtube.com/watch?v=L9Ycu3r2X2w,58828,1307,0,45.009946442234124
90,Best of DROELOE YouTube,https://www.youtube.com/watch?v=gNeVgvJCxB4,3174,70,0,45.34285714285714
91,Always Never Millions YouTube,https://www.youtube.com/watch?v=UQqb8EXhoto,175272,3904,47,45.44257194710915
92,Drake God xe2 x80 x99s Plan YouTube,https://www.youtube.com/watch?v=xpVfcZ0ZcFM,186941718,4180709,92096,45.72252693028174
93, xef xbc xa4 xef xbc xb2 xef xbc xa5 xef xbc xa1 xef xbc xad xef xbc xb3 YouTube,https://www.youtube.com/watch?v=j7GeEt9yBRA,2242779,49372,614,45.99817465851758
94,Galimatias Let Me Know Audio YouTube,https://www.youtube.com/watch?v=Svu6gat56dk,138470,3042,32,46.00332225913621
95, xef xbc xa6 xef xbd x85 xef xbd x85 xef xbd x8c xef xbd x89 xef xbd x8e xef xbd x87 xef xbd x93 You,https://www.youtube.com/watch?v=0cKzCUdtRh8,7166166,156897,2403,46.38475280593421
96,Bassette Bermuda YouTube,https://www.youtube.com/watch?v=AGngSZ_Xwf8,126818,2838,106,46.419472913616396
97,DROELOE Kintsugi YouTube,https://www.youtube.com/watch?v=jksfLUPbBhk,339894,7429,132,46.57996436891873
98,Alyssa Raghu Covers Ariana Grande for Her Audition American Idol 2018 on ABC YouTube,https://www.youtube.com/watch?v=AEOiOOW1evE,1415699,30698,382,46.69808022166513
99,Joakim Karud Dreams YouTube,https://www.youtube.com/watch?v=rQO8escJC78,2792803,59439,364,47.275548032162504
100,Kasbo Your Tempo YouTube,https://www.youtube.com/watch?v=nwmThg1acSM,90059,2001,111,47.65026455026455
101,Dawn Stopwatch prod Machinedrum YouTube,https://www.youtube.com/watch?v=0dfT7ptuRZo,84692,1878,109,47.875635952515545
102,Sam Gouthro Down For This YouTube,https://www.youtube.com/watch?v=keaJIg0Cvbs,888587,18814,257,47.88419464353074
103,Galimatias Blowback YouTube,https://www.youtube.com/watch?v=vmdkN6npalY,258737,5521,125,47.9497776130467
104,Best of DROELOE xe2 x9a xa1Mixtape xe2 x9a xa1 YouTube,https://www.youtube.com/watch?v=Etftcl3s5rU,11395,237,0,48.08016877637131
105,Elysium A Chill Trap amp Future Bass Mix YouTube,https://www.youtube.com/watch?v=oLCyq7pi5Jo,49407,1042,16,48.154970760233915
106,Heavy Rain Lofi HipHop YouTube,https://www.youtube.com/watch?v=JyNYkWKHf1Q,4976671,104271,1220,48.2932819671813
107,Believe A Chill Trap amp Future Bass Mix YouTube,https://www.youtube.com/watch?v=QQJHhWcIlKA,58006,1218,17,48.298084929225645
108, xef xbc xa6 xef xbc xa5 xef xbc xa5 xef xbc xac xef xbc xb3 YouTube,https://www.youtube.com/watch?v=_w5ARZczA2E,391452,8244,140,48.3035538005923
109, xef xbc xb3 xef xbc xb0 xef xbc xa1 xef xbc xa3 xef xbc xa5 xe3 x80 x80 xef xbc xb4 xef xbc xb2 xef,https://www.youtube.com/watch?v=wOMwO5T3yT4,1716179,35701,488,48.73708573538182
110,Concentrate Your Mind lofi hip hop Chillhop Jazzhop Chillout Study Sleep Game YouTube,https://www.youtube.com/watch?v=BnSjnz_mSxk,729354,15114,227,48.99267817558944
111,Clem Beatz Hymne YouTube,https://www.youtube.com/watch?v=6VEE9ssjfRU,93060,2056,163,49.16006339144216
112,DROELOE Wake the Warrior YouTube,https://www.youtube.com/watch?v=cFxrHxuBtY4,38209,765,0,49.94640522875817
113,DROELOE Nothing Wrong YouTube,https://www.youtube.com/watch?v=KeSUZJkFb1M,60800,1233,18,50.041152263374485
114,Ehrling Dance With Me YouTube,https://www.youtube.com/watch?v=FuAgLHJnc-Y,2143952,42376,476,51.16830548926014
115,DROELOE Make My Day YouTube,https://www.youtube.com/watch?v=xG7WWj4X1sU,52381,1064,57,52.01688182720953
116,Chill Mix The Valley of Dreams YouTube,https://www.youtube.com/watch?v=ssVT2MIqbdg,29657,583,16,52.305114638447975
117,AllttA Snow Fire fg I YouTube,https://www.youtube.com/watch?v=ugVbHFf1aoM,155534,3068,101,52.42130097741827
118,James Blake amp Bon Iver I Need A Forest Fire Kordz Edit YouTube,https://www.youtube.com/watch?v=PVfjOjiBUkc,162563,3201,104,52.490474652889894
119,Kultur Ocean YouTube,https://www.youtube.com/watch?v=rnYfIookZ_A,90074,1802,86,52.49067599067599
120,Forsaken A Trap amp Future Bass Mix YouTube,https://www.youtube.com/watch?v=UTTVFxzWPmY,165399,3216,82,52.77568602425016
121,San Holo Still Looking DROELOE Remix YouTube,https://www.youtube.com/watch?v=HJG9XKTSTDI,37505,718,11,53.04809052333805
122,San Holo I Still See Your Face Official Music Video YouTube,https://www.youtube.com/watch?v=HuVPwoVOiNY,663407,12436,196,54.19991830065359
123,Jengi Beats High YouTube,https://www.youtube.com/watch?v=Ggi8xHy-LVw,391947,7418,187,54.20370626469368
124,Medasin Daydream feat Joba YouTube,https://www.youtube.com/watch?v=LIkEBotd2TI,928324,17357,251,54.268911493043376
125,Re Dawn A Chill Trap amp Future Bass Mix YouTube,https://www.youtube.com/watch?v=7juW7du7VaE,77707,1446,32,54.95544554455446
126,ODESZA A Moment Apart YouTube,https://www.youtube.com/watch?v=cJxKf6P4qLM,153721,2851,73,55.33513318934485
127,lonely day lofi hiphop mix YouTube,https://www.youtube.com/watch?v=eSjSozKL_EA,7655072,137897,2004,56.33161384324432
128,Jarreau Vandal Someone That You Love ft Olivia Nelson Pastel Remix YouTube,https://www.youtube.com/watch?v=zGxDvkpKb9I,171274,3122,107,56.80729684908789
129,Best of 2017 Mix YouTube,https://www.youtube.com/watch?v=x2P7nDtXg-A,4100540,71686,1684,58.57746921516528
130,NoMBe Wait FKYA Remix YouTube,https://www.youtube.com/watch?v=NwNDBcNFeGI,289294,5045,117,58.70413961038961
131,Inspiring mix lofi hip hop Chillhop Jazzhop Chillout Study Sleep Game YouTube,https://www.youtube.com/watch?v=huPsElyp8js,815676,14132,246,58.74089010514187
132,Discover A Chill Trap amp Future Bass Mix YouTube,https://www.youtube.com/watch?v=vs9hlLVLiH8,77469,1352,36,58.86702127659574
133,DROELOE Diplo amp Friends Mix YouTube,https://www.youtube.com/watch?v=0jZ_ylhYAQ8,8178,137,0,59.693430656934304
134,Indian Summer Love Like This feat Lastlings YouTube,https://www.youtube.com/watch?v=Ilja5O2-p-k,181057,3145,141,60.2719707057257
135,Shallou Begin feat Wales YouTube,https://www.youtube.com/watch?v=iVTqxdEXFkA,1271871,21432,381,60.418554938007695
136,NoMBe Young Hearts Kuur Remix YouTube,https://www.youtube.com/watch?v=q0z2omY5T-8,192836,3305,120,60.54505494505494
137,Samurai xe2 x98 xaf Trap amp Bass Japanese Type Beat xe2 x98 xaf Lofi HipHop Mix YouTube,https://www.youtube.com/watch?v=yY7iGa4t9-I,10718415,181071,4486,60.698332247925926
138,Galimatias Let Me Know YouTube,https://www.youtube.com/watch?v=UmEsNipWvNo,70673,1215,51,60.715635738831615
139,Childish Gambino Terrified Zikomo Remix YouTube,https://www.youtube.com/watch?v=FYW1Y4EEA2Y,3000541,50061,863,60.98908492215131
140,ODESZA Late Night YouTube,https://www.youtube.com/watch?v=56MOr954m10,687006,11434,186,61.078058321479375
141,Unravel A Chill Trap amp Future Bass Mix YouTube,https://www.youtube.com/watch?v=EvFtSwpSRO0,135088,2247,36,61.09814563545907
142,Galimatias Won 39 t Forget YouTube,https://www.youtube.com/watch?v=jhHlr6yQ7_Y,137488,2355,110,61.24187082405345
143,DROELOE amp San Holo Lines of the Broken ft CUT_ Official Lyric Video YouTube,https://www.youtube.com/watch?v=Ap23XWXEWdA,4599601,75720,1306,61.81096299083506
144,Stephen Play Me Like A Violin YouTube,https://www.youtube.com/watch?v=2O5euYPzcrY,3175142,52500,1433,62.17600407308046
145,Hayden James NUMB ft GRAACE YouTube,https://www.youtube.com/watch?v=9KFWhRDHb4w,588821,9679,220,62.24981499101385
146,DROELOE Lilypads YouTube,https://www.youtube.com/watch?v=dc3Ojxrp0_w,209141,3492,143,62.44879068378621
147,Akacia x Alex Lustig Show Me YouTube,https://www.youtube.com/watch?v=RW3XSoKg3bE,218512,3558,98,63.15375722543352
148,Jey Vazz Focus Feat Paige YouTube,https://www.youtube.com/watch?v=scbxzzto8Zg,216847,3573,155,63.44265652428321
149,ODESZA A Moment Apart Full Album YouTube,https://www.youtube.com/watch?v=hX1Mff4XrUA,461126,7482,225,63.542235083367785
150,Best of Illenium Melodic Trap Chill Vocal Mix 2018 YouTube,https://www.youtube.com/watch?v=eGki-ZvX8nw,58036,938,31,63.98676957001103
151,NtrlTaste Powerless YouTube,https://www.youtube.com/watch?v=P9XF7FvU_os,113080,1870,121,64.65408805031447
152,DROELOE Sunburn YouTube,https://www.youtube.com/watch?v=58oVQuncYUo,632390,9836,127,65.13441137089299
153,Masego amp FKJ Tadow YouTube,https://www.youtube.com/watch?v=Jf0jeYl1IEw,128168,2018,61,65.49207971384773
154,The Endorphins Ms Right Now YouTube,https://www.youtube.com/watch?v=2XvJALviTEE,470738,7316,139,65.5898007524035
155,Alex Lustig Afterglow ft KROY YouTube,https://www.youtube.com/watch?v=3d_2QoezDr4,145838,2296,77,65.72239747634069
156, xef xbc xa8 xef xbc xa9 xef xbc xa7 xef xbc xa8 xef xbc x86 xef xbc xa3 xef xbc xa8 xef xbc xa9 xef,https://www.youtube.com/watch?v=rI0PuG157y4,1562509,24109,425,65.97318865056579
157,Fkj amp Masego Tadow YouTube,https://www.youtube.com/watch?v=hC8CH0Z3L54,25171306,388271,6903,66.00266933775251
158,Reborn A Chill Trap amp Future Bass Mix YouTube,https://www.youtube.com/watch?v=Bj8ch19ezzs,1146058,17747,473,66.34583767511867
159,Oscar oscar See Myself YouTube,https://www.youtube.com/watch?v=ykA3ru33AQo,169932,2623,81,66.84972462627852
160,ODESZA Memories That You Call Petit Biscuit Remix YouTube,https://www.youtube.com/watch?v=MVdMotRyhBw,1415170,21394,285,67.04107252830546
161,Poopular Music Mix 2018 Camila Cabello Dua Lipa Ed Sheeran Kygo Chill Out YouTube,https://www.youtube.com/watch?v=baE0AY7UIbA,9306,138,0,67.43478260869566
162,Dare A Gaming Music Mix Best of EDM YouTube,https://www.youtube.com/watch?v=bKXIUQbardg,193218,2922,73,67.81958581958582
163,Samurai Champloo Lofi HipHop Mix xe2 x80 xa2 Nujabes inspired YouTube,https://www.youtube.com/watch?v=kq7cQNO0gYc,3422613,51414,1097,68.02100681678161
164,Wandering Mind An Autumn Chill Mix xe2 x99 xab YouTube,https://www.youtube.com/watch?v=cZw4l3Tp89k,336132,5082,148,68.12565869477098
165,DROELOE Homebound YouTube,https://www.youtube.com/watch?v=sdJZ-zOkCjU,804023,11726,191,69.70290420459472
166,Snakehips How U Feel YouTube,https://www.youtube.com/watch?v=S-AWkcMx1r0,266387,3906,161,71.13137516688919
167,TOKiMONSTA We Love feat MNDR YouTube,https://www.youtube.com/watch?v=XMZ0WA2BR7M,153191,2216,84,71.85318949343339
168,Skrillex amp Poo Bear Would You Ever Official Video YouTube,https://www.youtube.com/watch?v=r-SurvChGFk,31672132,458304,18517,72.01698094759509
169,Adrift A Chill Mix YouTube,https://www.youtube.com/watch?v=7LCZzelNZN8,103479,1471,40,72.31236897274633
170,Hundred Waters xe2 x80 x9cShow Me Love xe2 x80 x9d Skrillex Remix ft Chance The Rapper Moses Sumney ,https://www.youtube.com/watch?v=J5bAVKzrBzI,22052245,314290,10969,72.70266483362511
171,Trap Nation 2018 Best Trap Music YouTube,https://www.youtube.com/watch?v=KOgvA98FifU,9141364,129878,4635,72.98902134251016
172,Punctual What I Love YouTube,https://www.youtube.com/watch?v=q00rhCQiGS8,445621,6289,207,73.26882604406445
173,salute Lullaby For J YouTube,https://www.youtube.com/watch?v=dIWYlLVZmp0,165995,2370,113,73.54674346477626
174,Brasstracks Fever YouTube,https://www.youtube.com/watch?v=2Or04FzFeeY,271446,3859,209,74.36876712328767
175,Skrillex Boiler Room x IMS Asia Pacific x OWSLA Shanghai DJ Set YouTube,https://www.youtube.com/watch?v=PRlLNfKYm8U,2952867,40945,1573,74.99916184090216
176, 39 Konoha 39 A Trap amp Bass Gaming Japanese Type YouTube,https://www.youtube.com/watch?v=Tx9WyKtLzio,1632419,22614,850,75.00546774489983
177,Dawn A Chill Gaming Music Mix Best of EDM YouTube,https://www.youtube.com/watch?v=qODMVRDehXE,1623090,21968,495,75.58748195408187
178,CloZee Koto YouTube,https://www.youtube.com/watch?v=6QvMcQ2Eejo,16603225,221352,4038,76.40200355246326
179,Winter Calm A Sunday Chill Mix xe2 x99 xab YouTube,https://www.youtube.com/watch?v=rahRaVtEQaM,3888921,51681,1237,77.09382681785742
180,Best Of The Sound You Need 2018 Mix YouTube,https://www.youtube.com/watch?v=B0BEA5WOs3k,47646,639,22,77.22204213938411
181,Ku xc4 x8dka Honey Medasin Remix YouTube,https://www.youtube.com/watch?v=HCXW-Wbfn4U,3470549,45377,592,77.49355811097466
182,Best of TRAP NATION xe2 x9c x96 CHILL NATION xe2 x9a xa1Mixtape xe2 x9a xa1 YouTube,https://www.youtube.com/watch?v=uHxK567Tn28,620,8,0,77.5
183,Illenium Leaving YouTube,https://www.youtube.com/watch?v=g80hMksipbI,7990107,103810,1860,78.37280039234919
184,Skrillex amp Poo Bear Would You Ever Branchez amp Charlie Klarsfeld Remix YouTube,https://www.youtube.com/watch?v=BLbn4-L1B84,200576,2740,194,78.7808326787117
185,TAYLOR SWIFT 39 S BEST UNFORGETTABLE SONGS ON X FACTOR THE VOICE GOT TALNET MIND BLOWING YouTube,https://www.youtube.com/watch?v=GSgKV5dpiHc,7249928,92837,3404,81.06546800398063
186,Joey Pecoraro Tired Boy YouTube,https://www.youtube.com/watch?v=F7khiq25Xr0,2840089,35682,692,81.16859102600743
187,FKJ Go Back Home YouTube,https://www.youtube.com/watch?v=Ywc7ewMJ554,1408356,17581,357,81.76706920575941
188,DEVOTED amp Billionaire People Are Boring YouTube,https://www.youtube.com/watch?v=TpQiRzLgOLI,120962,1627,152,82.00813559322035
189,Best of FKJ Mix YouTube,https://www.youtube.com/watch?v=cRjoJ7kT4cA,196456,2468,75,82.09611366485584
190,Liam Payne Rita Ora For You Fifty Shades Freed YouTube,https://www.youtube.com/watch?v=RQUuqbzQVsY,78319460,970877,23298,82.65216937057491
191,Fate A Chill Gaming Music Mix Best of EDM YouTube,https://www.youtube.com/watch?v=4Mw4pH6mp1A,312206,3879,124,83.14407456724368
192,Caravan Palace Aftermath YouTube,https://www.youtube.com/watch?v=imCd-m32oAs,5866833,70774,1328,84.48050283673646
193,Galimatias Atlantis YouTube,https://www.youtube.com/watch?v=94TlllHFGXo,264557,3111,51,86.45653594771242
194,The Loyalist Komorebi YouTube,https://www.youtube.com/watch?v=pdwVANZ5LWc,166001,2055,143,86.82060669456067
195,Louis The Child It 39 s Strange feat K Flay YouTube,https://www.youtube.com/watch?v=Wdjeq9t_YNg,2819393,32814,553,87.39323021605034
196,Oh Wonder Body Gold Louis The Child Remix YouTube,https://www.youtube.com/watch?v=ZtSu_m0L4co,20586714,238792,3679,87.56093452935397
197,Most Beautiful Music Ever quot Everdream quot by Epic Soul Factory YouTube,https://www.youtube.com/watch?v=RCMXO9sBIcU,22479973,263178,6555,87.59921363244916
198,Taylor Swift Gorgeous Lyric Video YouTube,https://www.youtube.com/watch?v=EUoe7cf0HYw,77718137,942487,58098,87.87777437304173
199,Alina Baraz amp Galimatias Fantasy YouTube,https://www.youtube.com/watch?v=Fa2RIlsbOvA,19817619,224463,2836,89.41879373903
200,Tora Jaigantic Galimatias Remix YouTube,https://www.youtube.com/watch?v=t-X8iXZejjU,1917257,21300,307,91.32839517934549
201,Jengi Friday YouTube,https://www.youtube.com/watch?v=FmsJmi364-0,220940,2728,314,91.52444076222038
202,FKJ Drops feat Tom Bailey YouTube,https://www.youtube.com/watch?v=tayEofaRQIs,3592833,39333,706,93.01351386335983
203,Indie Rock Alternative Compilation November 2017 1 xc2 xbd Hour Playlist YouTube,https://www.youtube.com/watch?v=0i6mhLMC63Y,1611213,17827,523,93.1121705963939
204,Jai Wolf Indian Summer YouTube,https://www.youtube.com/watch?v=wVrCZOiDlDo,12681495,138544,2675,93.33619147855656
205,Ta ku amp Wafia Love Somebody YouTube,https://www.youtube.com/watch?v=ri48_VoGDes,342980,3690,26,93.60807860262008
206,Summer Music Mix 2018 Camila Cabello Ed Sheeran Kygo Coldplay Style Chill Out YouTube,https://www.youtube.com/watch?v=6KWRJVHczK4,13994,149,0,93.91946308724832
207,Jengi Sprinkles YouTube,https://www.youtube.com/watch?v=nsPsN__NJwY,237416,2644,122,94.1379857256146
208,Hippie Sabotage DRIFTER YouTube,https://www.youtube.com/watch?v=PKdSETGPxow,1490600,16050,277,94.5032650732264
209,ODESZA A Moment Apart YouTube,https://www.youtube.com/watch?v=xarC5jAiO7w,2074663,22502,571,94.59956226346267
210,Hayden James Just A Lover YouTube,https://www.youtube.com/watch?v=kf1pVxHqSdI,1806630,19296,349,95.35177072887528
211,Alina Baraz amp Galimatias Urban Flora EP YouTube,https://www.youtube.com/watch?v=7nB4hLP5yKM,7276485,76545,1685,97.20124231899545
212,Zedd Maren Morris Grey The Middle Lyric Video YouTube,https://www.youtube.com/watch?v=Lj6Y6JCu-l4,38645219,404433,9186,97.77485724116818
213,Chill Study Beats 4 xe2 x80 xa2 jazz amp lofi hiphop Mix 2017 YouTube,https://www.youtube.com/watch?v=8iU8LPEa4o0,5926925,61772,1515,98.36077136266326
214,ODESZA A Moment Apart Full Album YouTube,https://www.youtube.com/watch?v=tKmwR2jo0zw,935419,9790,305,98.62087506589351
215,Evolve A Trap amp Future Bass Mix YouTube,https://www.youtube.com/watch?v=vinzgSyOs9k,5030349,51834,1822,100.58284011837159
216,Runaway Beautiful Ambient Mix YouTube,https://www.youtube.com/watch?v=_-3Z4WTDjX0,36301,374,14,100.83611111111111
217,ESCAPE A Beautiful Chill Mix YouTube,https://www.youtube.com/watch?v=D6TawVna7PQ,3031326,30662,891,101.82143696886232
218,R xc3 x9cF xc3 x9cS Innerbloom YouTube,https://www.youtube.com/watch?v=IA1liCmUsAM,6342465,63634,1443,101.9836471515171
219,Best of The Sound You Need 2017 Mix 2 YouTube,https://www.youtube.com/watch?v=QFNBLR2fwwc,130703,1294,30,103.40427215189874
220,Hans Zimmer Time Karanda Remix YouTube,https://www.youtube.com/watch?v=X3An03-yCz4,4699025,46773,1932,104.79304654222697
221,Escape Everything A Chill Mix xe2 x99 xab YouTube,https://www.youtube.com/watch?v=9_B_7-IuGG8,9341172,91255,2802,105.60605067097781
222,Illenium Needed You feat Dia Frampton YouTube,https://www.youtube.com/watch?v=96lCUfORlOo,5977306,57487,1096,105.9975173343264
223,Big Wild Aftergold YouTube,https://www.youtube.com/watch?v=dXHVuIqGzSU,6710008,60669,1069,112.58402684563758
224,January Mix 2018 Best Of Deep House Selection Music Chill Out YouTube,https://www.youtube.com/watch?v=yCo5kDWXHYQ,44187,423,32,113.01023017902813
225,Best of The Sound You Need Mix 2017 TSYN YouTube,https://www.youtube.com/watch?v=xmAW2aFIAwo,31256,275,0,113.65818181818182
226,Unders xe2 x80 x93 Syria YouTube,https://www.youtube.com/watch?v=G5TBWxjnaIE,9592194,85943,2017,114.29347282129496
227,Best of Tom Walker xe2 x9a xa1Mixtape xe2 x9a xa1 YouTube,https://www.youtube.com/watch?v=z7CgyVmHbeM,5548,47,0,118.04255319148936
228,Tora Overcome feat Merryn Jeann YouTube,https://www.youtube.com/watch?v=LoJtfpDWpmY,2321772,19885,288,118.4758891667092
229,Clean Bandit I Miss You feat Julia Michaels YouTube,https://www.youtube.com/watch?v=OR9yY8jL_pg,383085,3261,89,120.77080706179066
230,Chill Out Music 39 Beyond 39 Beautiful Chill Mix YouTube,https://www.youtube.com/watch?v=CAHixhpbwlw,340942,2901,119,122.5528396836808
231,DROELOE Many Words YouTube,https://www.youtube.com/watch?v=lNYZiFq1oJM,17216,139,0,123.85611510791367
232,Alina Baraz amp Galimatias Pretty Thoughts YouTube,https://www.youtube.com/watch?v=JrHw9BDa3OE,8996573,73426,1047,124.29811133063458
233,Taylor Swift Call It What You Want YouTube,https://www.youtube.com/watch?v=uEj8LqPi-nc,4504181,37570,1799,125.91711162673674
234,Galimatias Ocean Floor Kisses YouTube,https://www.youtube.com/watch?v=re-YrW3ujGI,3938058,31561,584,127.12845014042676
235,Best of The Sound You Need 2017 Mix YouTube,https://www.youtube.com/watch?v=8Tq7dHWo_SU,902691,7263,198,127.76942675159236
236,Skrillex Ease My Mind with Niki amp The Dove AUDIO YouTube,https://www.youtube.com/watch?v=hwsXo6fsmso,29449822,226671,4625,132.62937409365628
237,Saje Take Care Of You YouTube,https://www.youtube.com/watch?v=k9qvjC4Fjjs,4054478,30917,583,133.66117228192786
238,Slow Magic Girls YouTube,https://www.youtube.com/watch?v=8cWcq9g6b2w,4209899,32164,750,134.01346533392754
239,Best of ODESZA YouTube,https://www.youtube.com/watch?v=cj5qjxAqPDc,57882,485,55,134.60930232558138
240, quot You look like a child quot Ariana Grande RUDEST Interviewer EVER YouTube,https://www.youtube.com/watch?v=bzV3dshrOuI,2109164,19322,3811,135.97859583521372
241,Hayden James Something About You YouTube,https://www.youtube.com/watch?v=Hyi8Z4s2miw,10785844,80728,1448,136.04747729566094
242,TOKiMONSTA Go With It feat MNDR YouTube,https://www.youtube.com/watch?v=lyniZnb9g-U,305119,2261,44,137.62697338746054
243,ODESZA Say My Name feat Zyra Lyric Video YouTube,https://www.youtube.com/watch?v=HdzI-191xhU,26083715,192878,3925,138.04340232756294
244,Summer Mix 2018 Zedd Camila Cabello amp Ed Sheeran ft Kygo Style Beach Chill Out YouTube,https://www.youtube.com/watch?v=xLHATsJXtro,27282,195,0,139.90769230769232
245,Clean Bandit Tears ft Louisa Johnson Official Video YouTube,https://www.youtube.com/watch?v=dc-nyGo0aC8,133684223,975236,27574,141.06740905512726
246,Slow Magic Waited 4 U ODESZA Remix YouTube,https://www.youtube.com/watch?v=xEiZ39qBRwo,12512134,90143,2150,142.19465184730603
247,Titanic Full Soundtrack YouTube,https://www.youtube.com/watch?v=KfyxJtpvl7g,718417,5215,248,144.63801087175358
248,Thrupence Don 39 t You Mind YouTube,https://www.youtube.com/watch?v=nN9qUkl-Q9Y,2074467,14559,320,145.68909333520614
249,Chart Hits Music 2018 Camila Cabello David Guetta Justin Bieber Axwell Ingrosso Kygo Style YouTube,https://www.youtube.com/watch?v=yeIsADxfICM,23115,170,12,146.29746835443038
250,ODESZA Sun Models feat Madelyn Grant YouTube,https://www.youtube.com/watch?v=cnwiaErSuKc,15479618,104525,1825,150.72656280428433
251,Sound of Love 39 Lounge Chillout Mix YouTube,https://www.youtube.com/watch?v=I8_wakqkIf8,364003,2513,107,151.28969243557773
252,Ed Sheeran Perfect Official Music Video YouTube,https://www.youtube.com/watch?v=2Vv-BfVoq4g,851785983,5794743,203653,152.34703483578338
253,Saxophone amp Flute Deep House Mix J 39 veux Sentir Le Soleil Summer Mix YouTube,https://www.youtube.com/watch?v=KUpuVLVTq8c,1412043,9844,598,152.71933809214795
254,Feeling Happy 2018 Justin Bieber Kygo Dua Lipa Camila Cabello Style YouTube,https://www.youtube.com/watch?v=QsQRNOB51T4,24733,172,15,157.53503184713375
255,The All American Rejects Gives You Hell Full Narrative Version YouTube,https://www.youtube.com/watch?v=uxUATkpMQ8A,91071729,589778,13333,157.98858347283783
256,Lorde Tennis Court Flume Remix YouTube,https://www.youtube.com/watch?v=8ATu1BiOPZA,62825738,378438,12075,171.48494252967686
257,TSYN x Musique Chic Summer Tape By Klingande YouTube,https://www.youtube.com/watch?v=ismvoxh7NPU,16497897,99179,3090,171.6939191790944
258,Most Popular Violin Covers of Popular Songs 2018 Top 20 Best Instrumental Violin Covers 2018 YouTube,https://www.youtube.com/watch?v=3dWqn1bPZ-M,8849,51,0,173.50980392156862
259,Cherub Doses amp Mimosas YouTube,https://www.youtube.com/watch?v=E45fogGN_Y8,13101784,79896,4677,174.18184235366064
260,Summer Music Mix 2018 Camila Cabello Ed Sheeran Justin Bieber Coldplay Chill Out YouTube,https://www.youtube.com/watch?v=VOU2nDNxUXk,52500,321,21,175.0
261,Taylor Swift Gorgeous MUSIC VIDEO YouTube,https://www.youtube.com/watch?v=EdsxbpOqX38,1666327,10115,643,175.9213471283784
262,Phil Collins In The Air Tonight 39 Panski amp John Skyfield Remix Deep House I Free Download YouTube,https://www.youtube.com/watch?v=AbWBviQCMEE,18069265,106458,3827,176.06049828999036
263,Nu Lounge Bar Music 2017 1 Hour Mix by Featured Artist EHRLING YouTube,https://www.youtube.com/watch?v=jpv2tMJJuz0,16325830,97811,5824,177.47975257373324
264,What So Not High You Are Branchez Remix YouTube,https://www.youtube.com/watch?v=B2m_WnXjqnM,49330524,281613,6998,179.6352129344719
265,Parov Stelar All Night Nico Pusch Bootleg Remix YouTube,https://www.youtube.com/watch?v=LO5rHS1C-60,8427221,47517,1023,181.25394674581668
266,Best Of PETIT BISCUIT Mixtape 2017 xe2 x99 xaa YouTube,https://www.youtube.com/watch?v=acoAly7LE8Y,2572776,14899,1120,186.71717831482692
267,Best Of Tropical amp Deep House Music 2018 Chill Out Mix Best Summer Hits YouTube,https://www.youtube.com/watch?v=0D0LMWf93pU,839111,4729,289,188.98896396396395
268,Summer Mix 2018 Kygo Camila Cabello Ed Sheeran Avicii amp Sia Style Chill Out YouTube,https://www.youtube.com/watch?v=-JRf-f-5wbI,32922,173,0,190.30057803468208
269,Nicolas Jaar Let 39 s Live For Today YouTube,https://www.youtube.com/watch?v=grrrBeY31wk,14163409,74207,2266,196.87534229438012
270,Summer Music Mix 2018 Camila Cabello Ed Sheeran Kygo Coldplay Style Chill Out YouTube,https://www.youtube.com/watch?v=1haZwoAzxZM,245043,1305,96,202.68238213399505
271,Hello 2018 The Best Of Vocal Deep House Music Mix By Regard YouTube,https://www.youtube.com/watch?v=cPpVhh2tcDQ,2630518,13286,909,212.53276238183727
272,Swedish House Mafia Greyhound YouTube,https://www.youtube.com/watch?v=PDboaDrHGbA,60048512,278579,14490,227.37983028448744
273,Best Summer Music Mix 2018 Kygo Ed Sheeran The Chainsmokers amp Justin Bieber Style YouTube,https://www.youtube.com/watch?v=Bf1GFkPDtSo,1158883,5481,398,227.99193389730473
274,Aaron Smith Dancin KRONO Remix YouTube,https://www.youtube.com/watch?v=0XFudmaObLI,151122949,677424,16848,228.77450739960278
275,Best Of The Sound You Need TSYN 2016 YouTube,https://www.youtube.com/watch?v=2DzKHHyRBhg,2032539,8535,301,246.84709740102016
276,Taylor Swift You Belong With Me YouTube,https://www.youtube.com/watch?v=VuNIsY6JdUw,816991797,3349150,140823,254.64729655050746
277,Summer Chill Mix 2017 39 Happy Days 39 YouTube,https://www.youtube.com/watch?v=wOzbPOJYFb8,16916561,69735,4752,260.3228690580613
278,TSYN Deep House Mix 3 by Androma YouTube,https://www.youtube.com/watch?v=FGxeTqPssqg,2607245,10253,305,262.0873542420587
279,Petit Biscuit Palms YouTube,https://www.youtube.com/watch?v=yhWtBBJ4QEU,15464804,60061,2057,266.616164402455
280,La Belle Mixtape Summer Memories Henri PFR YouTube,https://www.youtube.com/watch?v=5yX6NyhCwAI,6068559,24528,1784,266.8202163207879
281,Tom Odell Another Love Zwette Edit YouTube,https://www.youtube.com/watch?v=4ZHwu0uut3k,237088268,919751,36919,268.5542300233793
282,Summer Mix 2018 Kygo Camila Cabello Ed Sheeran Drake amp Sia Style Chill Out YouTube,https://www.youtube.com/watch?v=mX_L6oxgoE0,116791,489,57,270.349537037037
283,Chart Hits Music 2018 Camila Cabello Ed Sheeran Justin Bieber Axwell Ingrosso Kygo Style YouTube,https://www.youtube.com/watch?v=9ODCLkG_rmc,40553,171,22,272.1677852348993
284,Best of The Sound You Need TSYN 2017 Best Hits YouTube,https://www.youtube.com/watch?v=ALfG1KNRxeg,19609,72,0,272.34722222222223
285,Best Summer Music Mix 2018 Kygo Ed Sheeran The Chainsmokers amp Justin Bieber Style YouTube,https://www.youtube.com/watch?v=M_3dR537jTs,59561,241,26,277.0279069767442
286,Summer Mix 2018 Kygo Camila Cabello Ed Sheeran Avicii amp Kygo Style Chill Out YouTube,https://www.youtube.com/watch?v=adk5YppQGYE,104241,412,39,279.46648793565686
287,Chris Isaak Wicked Game Adriatique amp Thyladomid Edit YouTube,https://www.youtube.com/watch?v=qigaJOTqpWE,40003183,148571,5895,280.377800050464
288,Beautiful Vocal Chillout Compilation Vol 4 YouTube,https://www.youtube.com/watch?v=nXCiWKF8Xy4,6562807,24811,1430,280.68974808605276
289,Coldplay Adventure Of A Lifetime Official Video YouTube,https://www.youtube.com/watch?v=QtXby3twMmI,726593125,2674625,156130,288.50290550507344
290,Robin Schulz Same Original Mix YouTube,https://www.youtube.com/watch?v=I6l8lgZpI4U,13676376,48314,1629,292.95011245582094
291,Summer Music Mix 2018 Ed Sheeran Kygo Martin Garrix Justin Bieber amp Dua Lipa Style YouTube,https://www.youtube.com/watch?v=Bo2pL8QuDvI,158636,581,69,309.8359375
292,Milky Chance Down By The River FlicFlac Edit YouTube,https://www.youtube.com/watch?v=9mnoiRqh0dQ,108677047,342686,11572,328.21640583001624
293,Best Summer Music 2018 Selena Gomez Camila Cabello Ed Sheeran Kygo Style Chill Out YouTube,https://www.youtube.com/watch?v=_xC-XJqR70s,89311,288,35,353.00790513833994
294,Best Popular Songs Mix 2018 Camila Cabello Ed Sheeran Justin Bieber Kygo Style Chill Out YouTube,https://www.youtube.com/watch?v=CG79yHxzYPQ,147154,450,38,357.16990291262135
295,Summer Blue Special Mix 2017 Best of Vocal Deep House Nu Disco amp Chill Out Mix 2017 by Mr Lumoss Y,https://www.youtube.com/watch?v=r9NLNRm5ryc,3604184,11449,1397,358.5539196179865
296,Lykke Li I Follow Rivers FlicFlac Remix YouTube,https://www.youtube.com/watch?v=MxkPrZOhg-I,63714675,183309,6592,360.546382068505
297,Max Manie Sunday KlangTherapeuten Remix YouTube,https://www.youtube.com/watch?v=ugkK6_XmsaQ,65990789,171695,5068,396.03899127992463
298,Feeling Happy 39 Stay See Summer Mix 2015 YouTube,https://www.youtube.com/watch?v=UPftsIwGNoQ,91969835,226923,12366,428.6498925693405
299,Summer Mix 2018 Avicii Camila Cabello Ed Sheeran Justin Bieber Kygo Style Chill Out YouTube,https://www.youtube.com/watch?v=UTEthmxIiVg,350325,946,131,429.84662576687117
